complex_name,protein_path,ligand_description,protein_sequence
CID_49786517,data/protein_3mt6_ab.pdb,C1C(OC2=NC=CC(=C21)C3=CC=CC=C3)C(=O)NCCC4=CC=CC=C4,
CID_49787097,data/protein_3mt6_ab.pdb,CCC1=CC(=CC=C1)NC2=NN3C(=O)C4=CC=CC=C4N=C3S2,
CID_725673,data/protein_3mt6_ab.pdb,CCOC1=CC=CC=C1NC(=O)C2=CC3=CC=CC=C3O2,
CID_53383360,data/protein_3mt6_ab.pdb,CCCCCNC(=O)C(C1=CC=C(C=C1)C2=CC=CC=C2)N3C4=CC=CC=C4N=C(C3=O)C5=CC6=CC=CC=C6N5,
CID_53383362,data/protein_3mt6_ab.pdb,CCCCCNC(=O)C(C1=CC=CC2=CC=CC=C21)N3C4=CC=CC=C4N=C(C3=O)C5=CC6=CC=CC=C6N5,
CID_53383366,data/protein_3mt6_ab.pdb,C1=CC=C(C=C1)CNC(=O)C(C2=CC3=CC=CC=C3O2)N4C5=CC=CC=C5N=C(C4=O)C6=CC7=CC=CC=C7N6,
CID_53383369,data/protein_3mt6_ab.pdb,C1=CC=C(C=C1)CNC(=O)C(C2=CC=C(C=C2)C3=CC=CC=C3)N4C5=CC=CC=C5N=C(C4=O)C6=CC7=CC=CC=C7N6,
CID_53383370,data/protein_3mt6_ab.pdb,C1=CC=C(C=C1)CNC(=O)C(C2=CC=CC3=CC=CC=C32)N4C5=CC=CC=C5N=C(C4=O)C6=CC7=CC=CC=C7N6,
CID_53383375,data/protein_3mt6_ab.pdb,C1=CC=C(C=C1)CNC(=O)C(C2=CC=C(C=C2)C(F)(F)F)N3C4=CC=CC=C4N=C(C3=O)C5=CC6=CC=CC=C6N5,
CID_53383384,data/protein_3mt6_ab.pdb,CC1=C(C(=CC=C1)C)NC(=O)C(C2=CC=C(C=C2)C3=CC=CC=C3)N4C5=CC=CC=C5N=C(C4=O)C6=CC7=CC=CC=C7N6,
CID_53383385,data/protein_3mt6_ab.pdb,CC1=C(C(=CC=C1)C)NC(=O)C(C2=CC=CC3=CC=CC=C32)N4C5=CC=CC=C5N=C(C4=O)C6=CC7=CC=CC=C7N6,
CID_53383392,data/protein_3mt6_ab.pdb,C1=CC=C(C=C1)C(C(=O)NC2=CC3=CC=CC=C3C=C2)N4C5=CC=CC=C5N=C(C4=O)C6=CC7=CC=CC=C7N6,
CID_53383394,data/protein_3mt6_ab.pdb,C1=CC=C2C=C(C=CC2=C1)NC(=O)C(C3=CC=CC=C3F)N4C5=CC=CC=C5N=C(C4=O)C6=CC7=CC=CC=C7N6,
CID_53383398,data/protein_3mt6_ab.pdb,C1CCC(CC1)NC(=O)C(C2=CC=CC3=CC=CC=C32)N4C5=CC=CC=C5N=C(C4=O)C6=CC7=CC=CC=C7N6,
CID_53383408,data/protein_3mt6_ab.pdb,CC(C)(C)NC(=O)C(C1=CC=C(C=C1)C2=CC=CC=C2)N3C4=CC=CC=C4N=C(C3=O)C5=CC6=CC=CC=C6N5,
CID_53383417,data/protein_3mt6_ab.pdb,COC1=CC=C(C=C1)NC(=O)C(C2=CC3=CC=CC=C3O2)N4C5=CC=CC=C5N=C(C4=O)C6=CC7=CC=CC=C7N6,
CID_53383506,data/protein_3mt6_ab.pdb,C1=CC=C(C=C1)CCC(C2=NC3=CC=CC=C3N2)N4C5=CC=CC=C5N=C(C4=O)C6=CC7=CC=CC=C7N6,
CID_1017704,data/protein_3mt6_ab.pdb,CC1=CC2=C(C=C1)OC(=N2)C3=CC(=CC=C3)NC(=O)C4=C(C=CC(=C4)N5C=NN=C5)Cl,
CID_1172201,data/protein_3mt6_ab.pdb,CC1=C(N2C=CC=CC2=N1)C(=O)NC3=CC4=C(C=C3)OCCO4,
CID_395987,data/protein_3mt6_ab.pdb,C1=CC=C2C(=C1)C=CC3=C2C=C(C(=O)O3)C4=NC5=CC=CC=C5O4,
CID_3197582,data/protein_3mt6_ab.pdb,CC1=CC(=CC=C1)C(=O)N2CCN(CC2)C3=NC=NC4=C3C=NN4C5=CC=CC=C5,
CID_1183489,data/protein_3mt6_ab.pdb,COC1=CC(=C(C=C1C(=O)OC)Cl)NC(=O)C2=CC3=CC=CC=C3O2,
CID_3229911,data/protein_3mt6_ab.pdb,CC1CC(CN(C1)C2=CC(=NC3=CC(=NN32)C4=CC=CC(=C4)C)C)C,
CID_1441409,data/protein_3mt6_ab.pdb,CC1=CC=C(C=C1)C2=NN3C(=C2)N=C(C=C3N4CCC5(CC4)OCCO5)C6=CC=CC=C6,
CID_2765371,data/protein_3mt6_ab.pdb,C1=CSC(=C1)C2=C(SC3=C2N=CC(=C3)C(F)(F)F)C(=O)NC4=CC=C(C=C4)F,
CID_2212102,data/protein_3mt6_ab.pdb,CCC1=CC=C(C=C1)N2N=C3C=CC(=CC3=N2)NC(=O)C4=CC5=C(C=C4)OCO5,
CID_4267356,data/protein_3mt6_ab.pdb,CC1=CC=C(C=C1)CC(=O)N2CCN(CC2)C3=CC=CC(=C3)C(F)(F)F,
CID_2896073,data/protein_3mt6_ab.pdb,C1CN(C2(N1C(=O)C3=CC=CC=C32)C4=CC=CC=C4)C(=O)NC5=CC=C(C=C5)F,
CID_3626869,data/protein_3mt6_ab.pdb,C1CCC(CC1)(C(=O)NC2CCCC2)N(CC3=CC=CO3)C(=O)C4=CC=CC=N4,
CID_4889634,data/protein_3mt6_ab.pdb,CC(=O)NC1=CC2=C(C=C1)N3CCSCC3=N2,
CID_3161781,data/protein_3mt6_ab.pdb,C1C(CC(=O)C2=CN3C(=NC(=N3)C(F)(F)F)N=C21)C4=CC=CC=C4,
CID_1223565,data/protein_3mt6_ab.pdb,CC1=CC=C(C=C1)CN2C=CC(=N2)NC(=O)C3=NN(C=C3Cl)C,
CID_1954884,data/protein_3mt6_ab.pdb,CSC1=NSC(=N1)SCC(=O)NC2=NC=C(C=C2)Br,
CID_326577,data/protein_3mt6_ab.pdb,C1=CC=C(C=C1)C2=CC=C(C=C2)C3=CSN=N3,
CID_1479752,data/protein_3mt6_ab.pdb,C1=CC=C2C(=C1)C=C(C3=CC=CC=C23)NC(=S)N,
CID_759247,data/protein_3mt6_ab.pdb,CCCC1CCC(CC1)C2=CC=C(C=C2)C(=O)N,
CID_6416317,data/protein_3mt6_ab.pdb,C1=CC=C(C(=C1)CSC2=NC3=C(C4=CC=CC=C4NC5(O3)C6=C(C=CC(=C6)F)NC5=O)N=N2)F,
CID_1088811,data/protein_3mt6_ab.pdb,CC(=O)NC1=CC=C(C=C1)OC(=O)C2=CC3=C(C=CC(=C3)OC)OC2=O,
CID_2767759,data/protein_3mt6_ab.pdb,COC1=CC=C(C=C1)C2=NC(=NC=C2)C3=CC=C(C=C3)OCCCF,
CID_4329176,data/protein_3mt6_ab.pdb,CN(C)S(=O)(=O)OC1=CC=CC=C1C(=O)NC2=CC=CC(=C2)C(F)(F)F,
CID_1472976,data/protein_3mt6_ab.pdb,C1COCCN1C2=CC=C(C=C2)C3=NC4=CC=CC=C4C=C3,
CID_884414,data/protein_3mt6_ab.pdb,C1=CC2=NC(=CN2C=C1)C3=CC=C(C=C3)NC(=O)C4=CC=C(C=C4)Cl,
CID_2877674,data/protein_3mt6_ab.pdb,C1=CC=C2C(=C1)C=C(C(=O)O2)C(=O)NC3=CC=CC(=C3)C4=CN5C=CC=CC5=N4,
CID_1252362,data/protein_3mt6_ab.pdb,COC1=CC=C(C=C1)N2C3=C(CCCC3)C(=S)N=C2C4=CC(=CC=C4)OC,
CID_1315511,data/protein_3mt6_ab.pdb,COC1=CC=CC=C1NC(=O)C2=CC=C(C=C2)COC3=CC4=C(CCC4)C=C3,
CID_2942047,data/protein_3mt6_ab.pdb,CC(C)CC(=O)N1CCN(CC1)C2=CC(=C(C=C2)[N+](=O)[O-])NC(C)C3=CC=CC=C3,
CID_2942906,data/protein_3mt6_ab.pdb,COC1=CC=CC(=C1)NC(=O)C2=C(C=CC(=C2)[N+](=O)[O-])NCC3=CN=CC=C3,
CID_12005005,data/protein_3mt6_ab.pdb,COC1=CC(=C(C=C1)OC)NC(=O)C2=CC3=C(S2)C4=CC=CC=C4N=C3Cl,
CID_1266538,data/protein_3mt6_ab.pdb,CCC1=CC=C(C=C1)NC(=O)C2=C(C(=C(N=C2Cl)C)Cl)C,
CID_2156504,data/protein_3mt6_ab.pdb,C1=CC=C(C=C1)C2=C(C3=CC=CC=C3N2)SCCNC(=O)C4=CC5=CC=CC=C5OC4=O,
CID_1976060,data/protein_3mt6_ab.pdb,C1=CC(=C(C(=C1)Cl)Cl)NC(=O)C2=C(C3=C(S2)N=C(C=C3)C4=CN=CC=C4)N,
CID_3954536,data/protein_3mt6_ab.pdb,CCCNC(=O)C1=CC=C(C=C1)C2N(C(=O)CS2)CC3=CC=CC=C3,
CID_3603171,data/protein_3mt6_ab.pdb,CC(C)N1C(=O)C2=CC=CC=C2C(=N1)C(=O)OC(C)C(=O)NC3=C(C=C(C=N3)Cl)Cl,
CID_2403465,data/protein_3mt6_ab.pdb,CC1=C(C(=CC=C1)C)NC(=O)COC(=O)COC2=CC3=C(C=C2)C(=CC(=O)O3)C,
CID_2116208,data/protein_3mt6_ab.pdb,CC1=CC(=C(C=C1)O)C(=O)C2=CN(N=C2)C(=O)C3=CC(=C(C=C3)OC)OC,
CID_3914259,data/protein_3mt6_ab.pdb,C1=CC=C(C=C1)C(=O)N2C=C(C=N2)C(=O)C3=CC=CC=C3O,
CID_2322167,data/protein_3mt6_ab.pdb,CN(C)S(=O)(=O)C1=CC=C(C=C1)C(=O)NC2=NC(=CS2)C3=CC4=CC=CC=C4O3,
CID_3547882,data/protein_3mt6_ab.pdb,CCCCN(C)C1=CC=C(C=C1)[N+](=O)[O-],
CID_850345,data/protein_3mt6_ab.pdb,C1=CC=C(C=C1)OC2=NC=NC(=C2)N3C=NC=N3,
CID_5068558,data/protein_3mt6_ab.pdb,CN(C1=CC=CC=C1C(=O)NC2CC3CCC2C3)S(=O)(=O)C4=CC=CC=C4,
CID_874224,data/protein_3mt6_ab.pdb,C1C2=CC=CC=C2C3=C1C=C(C=C3)NC(=O)C4=CC=NC=C4,
CID_1091665,data/protein_3mt6_ab.pdb,CC1=CC(=C(C=C1)C(C)C)OCC(=O)NC2=C(C=CC(=C2)NC(=O)C3=CC=CO3)OC,
CID_4231520,data/protein_3mt6_ab.pdb,COC1=CC(=CC(=C1OC)OC)NC(=O)CCS(=O)(=O)C2=NC(=CC(=N2)C(F)(F)F)C3=CC=CS3,
CID_2157324,data/protein_3mt6_ab.pdb,CCOC1=CC(=CC(=C1OCC)OCC)C(=O)NC2=C(NC3=CC=CC=C32)C(=O)OCC,
CID_15988250,data/protein_3mt6_ab.pdb,CC1=CC=C(C=C1)CNC(=O)C2=CC=C(C=C2)CN3C(=O)C4=CC(=C(C=C4NC3=O)OC)OC,
CID_7338082,data/protein_3mt6_ab.pdb,CC1=CC=CC=C1NC2=C(N=C3N2C=CC=C3)C4=C(C=CC(=C4)Br)F,
CID_4457719,data/protein_3mt6_ab.pdb,CC1=CC2=NC(=C(N2C=C1)NC3=CC=C(C=C3)C(C)C)C4=CSC=C4,
CID_4276003,data/protein_3mt6_ab.pdb,CC1=CC=CC=C1NC2=C(N=C3N2C=C(C=C3)Cl)C4=CNC5=CC=CC=C54,
CID_15990487,data/protein_3mt6_ab.pdb,CC1=C(C(=CC=C1)N2CCN(CC2)C(=O)C3=CN(C(=O)C4=C3C5=CC=CC=C5N4C)C6CCCCC6)C,
CID_15990761,data/protein_3mt6_ab.pdb,COC1=CC=C(C=C1)NC2=NC3=CC=CC=C3C(=C2)C(=O)NC4CCCC4,
CID_15990777,data/protein_3mt6_ab.pdb,CC1=C(C(=CC=C1)NC(=O)C2=C(N(N=N2)CC(=O)NC3=CC=C(C=C3)C(C)C)N)C,
CID_4024853,data/protein_3mt6_ab.pdb,CCCOC1=CC=C(C=C1)C(=O)NC2=CC3=C(C=C2)OC(=N3)C4=CC=C(C=C4)N(C)C,
CID_15991141,data/protein_3mt6_ab.pdb,C1=CC=C(C=C1)N2N=C3C=CC(=CC3=N2)NC(=O)C4=CC=C(O4)C5=CC(=CC=C5)Cl,
CID_15991183,data/protein_3mt6_ab.pdb,C1=CC=C2C(=C1)N=C(O2)C3=CC(=CC=C3)NC(=O)C4=CC=C(O4)C5=CC=C(C=C5)Br,
CID_2920586,data/protein_3mt6_ab.pdb,CC(C1=CC=CC=C1)NC(=O)C2CCN(CC2)S(=O)(=O)C3=CC=C(C=C3)F,
CID_1548665,data/protein_3mt6_ab.pdb,CCOC1=CC=C(C=C1)C2=NC3=CC(=NN3C(=C2)C)C(=O)NC4=CC(=C(C=C4)C)C,
CID_15991384,data/protein_3mt6_ab.pdb,CC1=C(C(=CC=C1)C(=O)NC2=CC(=C(C=C2)C3=NC4=CC=CC=C4S3)Cl)OC,
CID_16008961,data/protein_3mt6_ab.pdb,CCN1C2=CC=CC=C2C3=C(C1=O)C=C(S3)C(=O)NCCCN(CC)CC4=CC=CC=C4,
CID_16010862,data/protein_3mt6_ab.pdb,CC1=C(C=C(C=C1)NC(=O)CN2C3=C(C=CC=N3)C(=O)N(C2=O)CCC(C)C)C,
CID_9550064,data/protein_3mt6_ab.pdb,CCOC1=CC=C(C=C1)CNC(=O)C2=CC3=C(N2C)C4=CC=CC=C4O3,
CID_16012300,data/protein_3mt6_ab.pdb,CC1=CC=C(C=C1)NC(=O)C2=CC=C(S2)C3=CC=CC=C3,
CID_16013021,data/protein_3mt6_ab.pdb,CC1=CC(=C2C(=C1)OC=C2CC(=O)NC3=C(OC4=CC=CC=C43)C(=O)NC5=CC=C(C=C5)Cl)C,
CID_16015828,data/protein_3mt6_ab.pdb,CC(C)(C)C(=O)NC1=CC=C(C=C1)C2=NC3=CC=CC=C3S2,
CID_16016937,data/protein_3mt6_ab.pdb,CCCCC(=O)NC1=C(OC2=CC=CC=C21)C(=O)N3CCN(CC3)C4=CC=CC=C4F,
CID_16017247,data/protein_3mt6_ab.pdb,C1=CC(=CC(=C1)NC(=O)CC2=CC=C(C=C2)F)C3=NC4=C(S3)N=CC=C4,
CID_16017998,data/protein_3mt6_ab.pdb,COC1=CC=C(C=C1)NC(=O)CN2C3=CC=CC=C3N4C=CC=C4C2=O,
CID_16018315,data/protein_3mt6_ab.pdb,C1CCC(CC1)NC(=O)C2=CC3=C(C=C2)N4C=C(N=C4S3)C5=CC=C(C=C5)F,
CID_16018996,data/protein_3mt6_ab.pdb,CCCCN1C(=O)C2=C(C3=CC=CC=C3O2)N(C1=O)CC(=O)NC4=CC=CC=C4OC,
CID_7338745,data/protein_3mt6_ab.pdb,CC1=CC2=NC(=C(N2C=C1)NC3=CC4=C(C=C3)OCO4)C5=CC=C(C=C5)Cl,
CID_135410487,data/protein_3mt6_ab.pdb,CC1=CC(=C(C=C1)CSC2=NN3C(C(=C(NC3=N2)C)C(=O)NC4=CC=C(C=C4)OC)C5=C(C(=CC=C5)OC)OC)C,
CID_16026020,data/protein_3mt6_ab.pdb,CCOC1=CC=CC=C1CNC(=O)C2=CN=C3N(C2=O)N=C(S3)N4CCOCC4,
CID_16026028,data/protein_3mt6_ab.pdb,CCC1=CC=C(C=C1)CNC(=O)C2=CN=C3N(C2=O)N=C(S3)N4CCOCC4,
CID_16026112,data/protein_3mt6_ab.pdb,CCOC1=CC=CC=C1CNC(=O)C2=CN=C3N(C2=O)N=C(S3)N4CCCC4,
CID_16026156,data/protein_3mt6_ab.pdb,CCCNC(=O)C1=CN=C2N(C1=O)N=C(S2)N3CCCCCC3,
CID_16026210,data/protein_3mt6_ab.pdb,CCOC1=CC=CC=C1CNC(=O)C2=CN=C3N(C2=O)N=C(S3)N4CCCCCC4,
CID_16026212,data/protein_3mt6_ab.pdb,COC1=C(C=C(C=C1)Br)CNC(=O)C2=CN=C3N(C2=O)N=C(S3)N4CCCCCC4,
CID_16026308,data/protein_3mt6_ab.pdb,CC1=CC=C(C=C1)C2=C(C(=O)N(S2(=O)=O)CC3=CC=C(C=C3)C(=O)NCC4=CC=CC=C4)C,
CID_16026973,data/protein_3mt6_ab.pdb,CCOC1=CC=CC=C1CNC(=O)C2=C(N=C3C=CN(C(=O)C3=C2)CC4=CN=CC=C4)C,
CID_16030734,data/protein_3mt6_ab.pdb,CC1=CC=CC=C1C(=O)NC2=CC(=NN2C3=CC=CC=C3)C4=CC=C(C=C4)Cl,
CID_2156292,data/protein_3mt6_ab.pdb,CC1=CC(=NO1)NC(=O)CSC2=NC3=C(C(=O)N2C4=CC=C(C=C4)Cl)NC5=CC=CC=C53,
CID_16033302,data/protein_3mt6_ab.pdb,CN(C)C1=CC=CC(=C1)C(=O)NC2=CC=C(C=C2)C3=NC4=CC=CC=C4S3,
CID_16033360,data/protein_3mt6_ab.pdb,CC1=C(C=CC(=C1)NC(=O)C2=CC=CC=C2OC)C3=NC4=CC=CC=C4S3,
CID_3393297,data/protein_3mt6_ab.pdb,CCCNC(=O)C1=C2N=C(C(=C(N2N=C1)C)CC3=C(C=C(C=C3C)C)C)C,
CID_16034539,data/protein_3mt6_ab.pdb,C1CCN(CC1)S(=O)(=O)C2=CNC(=C2)C(=O)NC3=CC(=CC=C3)Br,
CID_1287392,data/protein_3mt6_ab.pdb,CC1=CC=CC=C1N(CC(=O)NC2=CC=C(C=C2)S(=O)(=O)N3CCOCC3)S(=O)(=O)C,
CID_2956527,data/protein_3mt6_ab.pdb,CC1=C(C=C(C=C1)NC(=O)NC2=CC=CC(=C2)NC(=O)C)Cl,
CID_16190199,data/protein_3mt6_ab.pdb,CN1C=C(C(=N1)C2=CC(=CC=C2)Cl)CN3CCN(CC3)C4=NC=CC=N4,
CID_830963,data/protein_3mt6_ab.pdb,CCC1=CC2=C(N=CN=C2S1)N3CCN(CC3)C(=O)C4=CC=CO4,
CID_791926,data/protein_3mt6_ab.pdb,COC1=CC(=C(C=C1CNC2CCCCCC2)Br)OC,
CID_5053346,data/protein_3mt6_ab.pdb,CCC1=CC=C(C=C1)CNC(=O)CN2C(=O)C=CC(=N2)C3=CC=CC=C3,
CID_3721742,data/protein_3mt6_ab.pdb,CC1CN(CC(O1)C)C(=O)NC2=CC3=C(C=C2)OCCO3,
CID_3926697,data/protein_3mt6_ab.pdb,CCOC1=CC=CC=C1N2CC(CC2=O)C(=O)NC3=CC4=C(C=C3)OCCO4,
CID_2476998,data/protein_3mt6_ab.pdb,C1CCC2(CC1)C3=C(CCCC3)N4C(=NC=N4)N2,
CID_2474782,data/protein_3mt6_ab.pdb,C1CN(CC2=CC=CC=C21)C(=O)CCC3=CC=C(C=C3)S(=O)(=O)N4CCOCC4,
CID_4969359,data/protein_3mt6_ab.pdb,COC1=C(C=C(C=C1)C(=O)NC2=CC=C(C=C2)N3CCOCC3)S(=O)(=O)NC4CCCC4,
CID_2122736,data/protein_3mt6_ab.pdb,CC1=CC(=O)OC2=C1C=CC(=C2)OCC(=O)OCC(=O)NCC3=CC4=C(C=C3)OCO4,
CID_652280,data/protein_3mt6_ab.pdb,CC1=C(C=CC(=C1)S(=O)(=O)N2CCN(CC2)S(=O)(=O)C3=CC4=C(C=C3)OCCO4)OC,
CID_3242514,data/protein_3mt6_ab.pdb,COC1=CC=C(C=C1)S(=O)(=O)NC(CC(=O)N2CCC3(CC2)OCCO3)C4=CC=CO4,
CID_16746309,data/protein_3mt6_ab.pdb,CCCCCC1=CC(=O)OC2=C1C(=CC(=C2C(CCN3CCCC3)C4=CC=C(C=C4)N(C)C)OC)OC,
CID_17757049,data/protein_3mt6_ab.pdb,CC1=CC(=NC2=C1C=C(C=C2)NC(=O)C3=CC=C(C=C3)F)N4CCCCC4,
CID_1504661,data/protein_3mt6_ab.pdb,CC1=CC=CC=C1NC(=O)C2=C(N=CN2)C(=O)NC3=CC=C(C=C3)OC,
CID_3238205,data/protein_3mt6_ab.pdb,COC(=O)CN1CCN(C2=CC=CC=C2C1)C(=O)C3=CC=C(C=C3)F,
CID_3238803,data/protein_3mt6_ab.pdb,C1=CC=C2C(=C1)N(C(=O)S2)CC(=O)NCCOC3=CC=CC=C3F,
CID_3239172,data/protein_3mt6_ab.pdb,CC1=CC=C(C=C1)S(=O)(=O)NC(CC(=O)NCCCOC)C2=CC=CO2,
CID_3241978,data/protein_3mt6_ab.pdb,CC1CCN(CC1)C(=O)CN2C=NC3=C(C2=O)C(=C(S3)C(=O)N4CCOCC4)C,
CID_3242584,data/protein_3mt6_ab.pdb,CN1C(=CC2=C1N=C3C=CC=CN3C2=O)C(=O)NCCC4=CCCCC4,
CID_3242904,data/protein_3mt6_ab.pdb,CC1=CC(=NN1CC2=CC=C(C=C2)Cl)NC(=O)C3=NOC4=C3CCC5=C4C=CC(=C5)OC,
CID_3242924,data/protein_3mt6_ab.pdb,CC12CC(C3=C(O1)C=CC(=C3)Br)NC(=O)N2C4=CC(=C(C=C4)OC)OC,
CID_707381,data/protein_3mt6_ab.pdb,C1=CC=C(C=C1)CC(=O)NC2=CC=C(C=C2)C3=NN=C(O3)C4=CC=CO4,
CID_3243841,data/protein_3mt6_ab.pdb,COC1=CC=C(C=C1)S(=O)(=O)N2CCN(CC2)CC(=O)NC3=CC(=CC(=C3)OC)OC,
CID_3244973,data/protein_3mt6_ab.pdb,CC1=C(C=C(C=C1)N2C3=C(C=N2)C(=O)N(C=N3)CC(=O)NC4=CC=CC=C4OC)C,
CID_3245202,data/protein_3mt6_ab.pdb,C1CC(=O)N(C1)CCCNC(=O)C2CCN(CC2)S(=O)(=O)N3CCOCC3,
CID_2978475,data/protein_3mt6_ab.pdb,CC1CCCCC1NS(=O)(=O)C2=C(C=CC(=C2)C)OC,
CID_2964195,data/protein_3mt6_ab.pdb,CCOC(=O)C1=NN2C(CC(NC2=C1)C)C(F)(F)F,
CID_1080280,data/protein_3mt6_ab.pdb,COC1=CC=CC(=C1)NC(=O)CN2C3=CC=CC=C3N=C2C4=CN=CS4,
CID_2947028,data/protein_3mt6_ab.pdb,CCCC(C)C(=O)NC1=CC2=C(C=C1)OCCO2,
CID_2947611,data/protein_3mt6_ab.pdb,COC1=CC=C(C=C1)S(=O)(=O)N2CCCC2C(=O)NC3=NC4=C(S3)CCCC4,
CID_1095430,data/protein_3mt6_ab.pdb,CN(C1=CC=C(C=C1)C(=O)N2CCOCC2)S(=O)(=O)C3=CC=C(C=C3)OC,
CID_975241,data/protein_3mt6_ab.pdb,COC1=CC=CC=C1NC(=O)CN2CCCCC2,
CID_2243267,data/protein_3mt6_ab.pdb,C1CCC2=C(C1)C3=C(S2)N(C(=O)N4C3=NC=N4)CC5=CC=C(C=C5)Cl,
CID_970657,data/protein_3mt6_ab.pdb,CCC(=O)N1C(=NC(=N1)C2=CC=CC=C2)NCC3=CC=CC=C3,
CID_871034,data/protein_3mt6_ab.pdb,CC1=CC(=CC=C1)NC(=O)C2=CC=CC=C2C(=O)NC3=CC=CC(=C3)C,
CID_23723123,data/protein_3mt6_ab.pdb,CN(C)CCOC1C2=CC=CC=C2CCC3=C1C4=CC=CC=C4C=C3.C(=O)(C(=O)O)O,
CID_1570418,data/protein_3mt6_ab.pdb,CC1=CC(=C(C=C1)C)OCCCC(=O)NC2CCCCC2,
CID_890984,data/protein_3mt6_ab.pdb,C1=CC=C(C=C1)OCCC(=O)NC2=CC=C(C=C2)Br,
CID_23723814,data/protein_3mt6_ab.pdb,CC1=CC(=CC(=C1OC)C)C(=O)C2CCCN(C2)S(=O)(=O)N(C)C,
CID_6466963,data/protein_3mt6_ab.pdb,C1CN(CCN1CC2=CC=CC=C2)CC(=O)NCCC3=CC=CC=C3,
CID_1174033,data/protein_3mt6_ab.pdb,CC1=NC2=C(C=C(C=C2)[N+](=O)[O-])C(=O)N1CC3=CC=CC=C3Br,
CID_6621464,data/protein_3mt6_ab.pdb,CCN1CCN(CC1)C2=NC3=C(C=C(C=C3)NC(=S)N(C)CC4=CC=CC=C4)C(=C2)C,
CID_2823639,data/protein_3mt6_ab.pdb,CCC1=CC2=C(C=C1)NC(=C2)C(=O)NC3=CC(=C(C=C3)C)F,
CID_5071487,data/protein_3mt6_ab.pdb,CCNC1=C(C=C(C=C1)C(=O)OCC(=O)N2CCCC2)[N+](=O)[O-],
CID_6494899,data/protein_3mt6_ab.pdb,CCN(CC1=NC(=NO1)C2=CC=CC(=C2)C)C(=O)C3=CC4=C(C=C3)OCO4,
CID_2972364,data/protein_3mt6_ab.pdb,CC1=CC(=O)OC2=C1C=CC(=C2C)OC(=O)C3=CC=CO3,
CID_24791804,data/protein_3mt6_ab.pdb,CCCN1C=C(C(=N1)C)CN2CCC(CC2)N3C(=CC=N3)NC(=O)C4=CC=CC=C4,
CID_1076335,data/protein_3mt6_ab.pdb,CC1=CC=C(C=C1)S(=O)(=O)N(CC(=O)NC2=CC3=C(C=C2)OCCO3)C4=CC=CC=C4OC,
CID_2995509,data/protein_3mt6_ab.pdb,CC1CN(CC(O1)C)S(=O)(=O)C2=CC(=C(C=C2)N3CCOCC3)C(=O)NC,
CID_6464523,data/protein_3mt6_ab.pdb,CC1=CC(=CC=C1)CC(=O)NC2=CC=C(C=C2)C(=O)N3CCCCC3,
CID_3211380,data/protein_3mt6_ab.pdb,CCOC1=CC=C(C=C1)N(C(C2=CC=CO2)C(=O)NC3CCCC3)C(=O)CNC(=O)C4=CC=CO4,
CID_3196919,data/protein_3mt6_ab.pdb,CC(=O)C1=CC2=C(C=C1N(C(C3=CC=C(C=C3)OC)C(=O)NC4CCCC4)C(=O)C5=CC=CO5)OCO2,
CID_8037744,data/protein_3mt6_ab.pdb,CC1CCN(CC1)C2=CC=C(C=C2)NC(=O)COC3=CC4=C(C=C3)C(=C(C(=O)O4)C)C,
CID_24817337,data/protein_3mt6_ab.pdb,CCOC(=O)C1CCCCN1C(=O)C2=C(C3=C(O2)C(=CC(=C3)C)Cl)C,
CID_18575183,data/protein_3mt6_ab.pdb,CCNC1=NC2=NN=C(N2C(=N1)NCC)SCC(=O)NC3=CC(=C(C=C3)OC)OC,
CID_18577942,data/protein_3mt6_ab.pdb,C1CN(CCC12N(CCO2)S(=O)(=O)C3=CC=CS3)S(=O)(=O)C4=CC=CC=C4,
CID_16830766,data/protein_3mt6_ab.pdb,CC(=O)N1CCC2=C(C1)SC(=C2C(=O)N)NC(=O)C3CCCN3S(=O)(=O)C4=CC=CS4,
CID_7535897,data/protein_3mt6_ab.pdb,COC1=C(C=C(C=C1)C2=NC3=CC=CC=C3C(=C2)C(=O)N4CCC4)OC,
CID_6494520,data/protein_3mt6_ab.pdb,CCOC1=CC=C(C=C1)N2CC(CC2=O)C(=O)NC3=CC=C(C=C3)S(=O)(=O)N4CCCCC4,
CID_16250266,data/protein_3mt6_ab.pdb,CC1=C(N=CC=C1)NC(=O)C2=CC=C(C=C2)S(=O)(=O)N3CCCCC3,
CID_16495887,data/protein_3mt6_ab.pdb,CC1=CC=C(C=C1)S(=O)(=O)CCC(=O)OCC(=O)NCC2=CC(=C(C=C2)OC)OC,
CID_24979408,data/protein_3mt6_ab.pdb,CCOC1=CC=C(C=C1)S(=O)(=O)NC2=CC=C(C=C2)C(=O)N3CC(OC(C3)C)C,
CID_8115719,data/protein_3mt6_ab.pdb,C1CN(CCN1C(=O)C2=CC=NC=C2)S(=O)(=O)C3=CC(=CC=C3)Cl,
CID_24979782,data/protein_3mt6_ab.pdb,CCN(CC(=O)NC1=C(C=CC=C1F)F)C(=O)C2=CC=C(C=C2)C3SCCS3,
CID_16524435,data/protein_3mt6_ab.pdb,CC1=CC(=C(C=C1)C)NC(=O)C(C2=CC=CC=C2)OC(=O)C3=NC=C(N=C3)C,
CID_4826440,data/protein_3mt6_ab.pdb,CC1=C(OC2=C1C=CC=C2Cl)C(=O)N3CCN(CC3)C4=NC=CC=N4,
CID_24980326,data/protein_3mt6_ab.pdb,COC1=CC=CC=C1OCCNC(=O)C2=CC3=C(C=C2)OCCO3,
CID_24980401,data/protein_3mt6_ab.pdb,CC1=CC(=CC=C1)NS(=O)(=O)C2=CC=CC(=C2)C(=O)NCC(C3=CC=CO3)N4CCCCC4,
CID_24980709,data/protein_3mt6_ab.pdb,CC1=C(C=C(C=C1)S(=O)(=O)NC2=CC=C(C=C2)OC)C(=O)NNC(=O)C3=CC=CC=C3O,
CID_16324347,data/protein_3mt6_ab.pdb,CC1=CC=C(C=C1)S(=O)(=O)N2CCN(CC2)C(=O)CN3CCCSC4=CC=CC=C43,
CID_25162694,data/protein_3mt6_ab.pdb,CC1=CC(=NC=C1)NC(=O)C2=CC=C(C=C2)OCC3=C(ON=C3C)C,
CID_16322533,data/protein_3mt6_ab.pdb,CC1=CC(=CC(=C1)C(=O)N(CC2=CC=CO2)C3=C(N(C(=O)NC3=O)CC4=CC=CC=C4)N)C,
CID_16331256,data/protein_3mt6_ab.pdb,COC1=CC=CC(=C1)CNC(=O)C2=CC=C(C=C2)NC(=O)CC3C(=O)N=C(S3)N4CCCC4,
CID_25163339,data/protein_3mt6_ab.pdb,CC(C)COC1=CC=C(C=C1)C(=O)NC2=C(C=CC(=C2)S(=O)(=O)N3CCOCC3)N4CCCC4,
CID_1819915,data/protein_3mt6_ab.pdb,CCCOC1=C(C=C(C=C1)CN2C3=C(C=CC(=C3)C)OC2=O)OC,
CID_1010579,data/protein_3mt6_ab.pdb,CC1CCN(CC1)S(=O)(=O)C2=CC=C(C=C2)NC(=O)C3=CC=CS3,
CID_647593,data/protein_3mt6_ab.pdb,CC1=CC2=C(C=C1)NC(=O)C(=C2)CN(CC3=CC4=C(C=C3)OCO4)CC5=NN=NN5C6CCCC6,
CID_647694,data/protein_3mt6_ab.pdb,CNC1=NN=C(S1)C2=CC(=CC=C2)N(C)C,
CID_649847,data/protein_3mt6_ab.pdb,CC(C)CCNC1=C2C(=NC=N1)N(N=N2)CC3=CC=CC=C3Cl,
CID_653134,data/protein_3mt6_ab.pdb,C1CN(CCN1C2=CC=CC=C2)C(=O)CCN3C4=CC=CC=C4N=N3,
CID_653559,data/protein_3mt6_ab.pdb,CCOC(=O)C1=CC2=C(N1CC(=O)N3CCCC4=CC=CC=C43)C=CO2,
CID_4192758,data/protein_3mt6_ab.pdb,CC1=C(C=C(C=C1)S(=O)(=O)N(C)C)NC(=O)COC(=O)COC2=CC3=C(C=C2)C(=CC(=O)O3)C,
CID_4962779,data/protein_3mt6_ab.pdb,C1CN(CCN1)S(=O)(=O)C2=CC3=C(C=C2)NC(=O)C3,
CID_4788423,data/protein_3mt6_ab.pdb,C1CC1NC(=O)CNC(=O)C2=CC(=CC=C2)F,
CID_2361079,data/protein_3mt6_ab.pdb,CC1=CC=C(C=C1)NS(=O)(=O)C2=CC=CC(=C2)C(=O)N3CCCCC3,
CID_5001502,data/protein_3mt6_ab.pdb,CCOC(=O)N1CCN(CC1)C(=O)C2=CC=C(C=C2)S(=O)(=O)NC3=CC=C(C=C3)C,
CID_3083840,data/protein_3mt6_ab.pdb,CC(=O)OC1=C(C=C2C(=C1)OC=C(C2=O)C3=CC=C(C=C3)OC)OC,
CID_659279,data/protein_3mt6_ab.pdb,C1COC2=C(O1)C=CC(=C2)C(=O)N,
CID_659824,data/protein_3mt6_ab.pdb,CCN(CC)S(=O)(=O)C1=CC=CC2=C1C=CC=C2N(C)C,
CID_660143,data/protein_3mt6_ab.pdb,CC(C)CNC(=O)NC1C(N(C(=O)N1C)C)NC(=O)NCC(C)C,
CID_6603147,data/protein_3mt6_ab.pdb,CCCN(CCC(=O)NC1=CC(=CC(=C1)OC)OC)CC2CC2.Cl,
CID_662198,data/protein_3mt6_ab.pdb,CCOC1=CC=C(C=C1)C2C=C(NC3=NN=NN23)C4=CC=C(C=C4)C,
CID_6603553,data/protein_3mt6_ab.pdb,CCOC(=O)C1CCCN(C1)C2=NC=NC3=C2OC4=CC=CC=C43.Cl,
CID_666859,data/protein_3mt6_ab.pdb,CN1C2=C(N=C1NCCN3CCOCC3)N(C(=O)N(C2=O)CC4=CC(=CC=C4)Cl)C,
CID_4668914,data/protein_3mt6_ab.pdb,CN(CC1=CC=CO1)C(=O)C2=CNC3=C(C2=O)C=C(C=C3)S(=O)(=O)NC4=CC5=C(C=C4)OCCO5,
CID_254611,data/protein_3mt6_ab.pdb,CC(C)N1CCOC1C2=CC=CC=C2,
CID_44828481,data/protein_3mt6_ab.pdb,C1=CC(=CC=C1/C=C/C2=CC(=C(C=C2)/C=C/C3=CC=C(C=C3)O)Br)O,
CID_3333,data/protein_3mt6_ab.pdb,CCOC(=O)C1=C(NC(=C(C1C2=C(C(=CC=C2)Cl)Cl)C(=O)OC)C)C,
CID_54679302,data/protein_3mt6_ab.pdb,C1=CC=C(C=C1)OC2=CC=C(C=C2)C3=C(C4=C(C=C(C=C4)Cl)NC3=O)O,
